﻿<parameters>
  <parameter name="IIS Web Application Name" defaultValue="Default Web Site\contosoUniversity" tags="IisApp">
    <parameterEntry kind="ProviderPath" scope="IisApp" match="^C:\\Users\\pascal\\develop\\projects\\mvceftutorial\\ContosoUniversity\\ContosoUniversity\\obj\\Release\\Package\\PackageTmp$" />
    <parameterEntry kind="ProviderPath" scope="setAcl" match="^C:\\Users\\pascal\\develop\\projects\\mvceftutorial\\ContosoUniversity\\ContosoUniversity\\obj\\Release\\Package\\PackageTmp$" />
  </parameter>
  <parameter name="SchoolContext-Web.config Connection String" defaultValue="Data Source=.\sqlexpress;Initial Catalog=contoso_production;Persist Security Info=True;User ID=contosoAdmin;Password=pom22pom">
    <parameterEntry kind="XmlFile" scope="C:\\Users\\pascal\\develop\\projects\\mvceftutorial\\ContosoUniversity\\ContosoUniversity\\obj\\Release\\Package\\PackageTmp\\Web\.config$" match="/configuration/connectionStrings/add[@name='SchoolContext']/@connectionString" />
  </parameter>
  <parameter name="SchoolContext_DatabasePublish-Web.config Connection String" description="SchoolContext Die vom ersten Modell des Entity Framework-Codes zum Bereitstellen der Datenbank verwendete Verbindungszeichenfolge." defaultValue="Data Source=.\sqlexpress;Initial Catalog=contoso_production;Persist Security Info=True;User ID=contosoAdmin;Password=pom22pom">
    <parameterEntry kind="XmlFile" scope="C:\\Users\\pascal\\develop\\projects\\mvceftutorial\\ContosoUniversity\\ContosoUniversity\\obj\\Release\\Package\\PackageTmp\\Web\.config$" match="/configuration/connectionStrings/add[@name='SchoolContext_DatabasePublish']/@connectionString" />
  </parameter>
</parameters>